<?xml version='1.0' encoding='UTF-8'?>
<WorkOrderActions_response updateDataBase="true" truncateComments="false" inlineWarnings="false">
  <copyright>Verisae, Inc.</copyright>
  <work_orders>
    <work_order>
      <work_order_number>TG10216001PA</work_order_number>
      <wo_actions/>
      <exception_code>200-02</exception_code>
      <exception_message>This WORK_ORDER is not accessible for your user</exception_message>
    </work_order>
  </work_orders>
</WorkOrderActions_response>